<?xml version="1.0" encoding="UTF-8"?>

<Patient xmlns="http://hl7.org/fhir">
  <id value="EveAnyperson"/>
  <meta>
    <profile value="https://fake-acme.org/fhir/ACME-FSH-IG-Example/StructureDefinition/MyPatient"/>
  </meta>
  <text>
    <status value="generated"/><div xmlns="http://www.w3.org/1999/xhtml"><p style="border: 1px #661aff solid; background-color: #e6e6ff; padding: 10px;"><b>Eve Anyperson </b> female, DoB Unknown ( id: 1032702 (USUAL))</p><hr/></div>
  </text>
  <identifier>
    <use value="usual"/>
    <system value="https://fake-acme.org/fhir/NamingSystem/Patient-Identifier"/>
    <value value="1032702"/>
  </identifier>
  <name>
    <family value="Anyperson"/>
    <given value="Eve"/>
  </name>
  <gender value="female"/>
</Patient>