{
  "resourceType": "Patient",
  "id": "EveAnyperson",
  "meta": {
    "profile": [
      "https://fake-acme.org/fhir/ACME-FSH-IG-Example/StructureDefinition/MyPatient"
    ]
  },
  "text": {
    "status": "generated",
    "div": "<div xmlns=\"http://www.w3.org/1999/xhtml\"><p><b>Generated Narrative</b></p><div style=\"display: inline-block; background-color: #d9e0e7; padding: 6px; margin: 4px; border: 1px solid #8da1b4; border-radius: 5px; line-height: 60%\"><p style=\"margin-bottom: 0px\">Resource \"EveAnyperson\" </p><p style=\"margin-bottom: 0px\">Profile: <a href=\"StructureDefinition-MyPatient.html\">MyPatient</a></p></div><p><b>identifier</b>: id: 1032702 (USUAL)</p><p><b>name</b>: Eve Anyperson </p><p><b>gender</b>: female</p></div>"
  },
  "identifier": [
    {
      "use": "usual",
      "system": "https://fake-acme.org/fhir/NamingSystem/Patient-Identifier",
      "value": "1032702"
    }
  ],
  "name": [
    {
      "family": "Anyperson",
      "given": [
        "Eve"
      ]
    }
  ],
  "gender": "female"
}