{
  "resourceType": "Patient",
  "id": "EveAnyperson",
  "meta": {
    "profile": [
      "https://fake-acme.org/fhir/StructureDefinition/MyPatient"
    ]
  },
  "text": {
    "status": "generated",
    "div": "<div xmlns=\"http://www.w3.org/1999/xhtml\"><p><b>Generated Narrative</b></p><p><b>identifier</b>: id: 1032702 (USUAL)</p><p><b>name</b>: Eve Anyperson </p><p><b>gender</b>: female</p></div>"
  },
  "identifier": [
    {
      "use": "usual",
      "system": "https://fake-acme.org/fhir/NamingSystem/Patient-Identifier",
      "value": "1032702"
    }
  ],
  "name": [
    {
      "family": "Anyperson",
      "given": [
        "Eve"
      ]
    }
  ],
  "gender": "female"
}