{
  "resourceType": "Patient",
  "id": "EveAnyperson",
  "meta": {
    "profile": [
      "https://fake-acme.org/fhir/ACME-FSH-IG-Example/StructureDefinition/MyPatient"
    ]
  },
  "text": {
    "status": "generated",
    "div": "<div xmlns=\"http://www.w3.org/1999/xhtml\"><p style=\"border: 1px #661aff solid; background-color: #e6e6ff; padding: 10px;\"><b>Eve Anyperson </b> female, DoB Unknown ( id: 1032702 (USUAL))</p><hr/></div>"
  },
  "identifier": [
    {
      "use": "usual",
      "system": "https://fake-acme.org/fhir/NamingSystem/Patient-Identifier",
      "value": "1032702"
    }
  ],
  "name": [
    {
      "family": "Anyperson",
      "given": [
        "Eve"
      ]
    }
  ],
  "gender": "female"
}